problem,incorrectLower,hintLower,durationLower,incorrectUpper,hintUpper,durationUpper
CAESAR,1.0,0.0,0.0,1.0,0.0,0.0
Caesar_gc,1.0,0.0,0.0,1.0,0.0,0.0
Lsn5_skill1,2.0,0.0,2.0,2.0,0.0,2.0
Lsn7_lists,8.0,2.0,23.0,8.0,2.0,23.0
PEX1,0.7958758547680684,9.445912129215916,37.65521956500218,1.4082482904638631,17.708175741568162,55.189560869995645
Pex1,1.0,3.0,14.0,1.0,3.0,14.0
Recon,2.1324638597260326,0.0,26.872695144556587,3.4392607622233275,0.0,48.58712202615776
Skywriter,3.044995423639616,0.0,40.78425379052262,4.451293556390493,0.0,58.43818138216547
a1_1_aircraft,0.5332142754292093,0.0,0.517879738578883,1.5680892156390434,0.0,3.4178487702649143
a1_1_bases,0.5380544438808713,0.0,0.3736729940283616,1.578341374018362,0.0,1.9769783362676012
a1_1_cadet,0.2056434622690444,0.0,0.16233115592918063,0.6496886852180087,0.0,0.7341612175534036
a1_1_dorms,0.36237966772569097,0.0,0.33517940644047167,1.3171254813025448,0.0,1.703972737921196
a1_1_icbm,0.3442983698408294,0.0,0.3349934958989724,1.2507971997122809,0.0,3.365546003125913
a1_1_squad,0.5241415589204782,0.0,0.47883842889420647,1.6730283575688798,0.0,2.8132728628819783
a1_2_circles,0.43847802269394776,0.039445295890501095,0.31878949605672924,1.114847233300629,0.2840126340254494,1.303597478474777
a1_2_cones,0.6796300592875268,0.0,0.9761969325267634,1.8751148814249463,0.1496039930671782,5.735106134946474
a1_2_interest,0.7275901870675643,0.29405930045057277,2.3495799001253697,1.989264070309316,1.1458263532272948,9.179344872646457
a1_2_jets,1.0,0.0,1.0,1.0,0.0,1.0
a1_2_lessons,0.0,0.0,0.0,0.0,0.0,0.0
a1_2_radius,0.2996059038566715,0.02105396974801764,0.23800044168903384,0.7916972831957478,0.23994334255524677,0.7131883058111215
a1_2_spheres,0.6447018490371357,0.019039144087082308,0.44207796670456173,1.6539925283408232,0.23464898455310812,1.9139209896677998
a1_3_arrow,0.0,0.06673416802269065,0.03008139628554872,0.0,0.3402158744809345,0.2624178525901929
a1_3_cards,0.0,0.07625786312417182,0.062283726593741345,0.0,0.35812257162399674,0.4438535994440963
a1_3_circles,0.6004192938812934,0.022605730639060906,0.4260300175233158,1.5491614122374129,0.2439451652279023,2.660135086904588
a1_3_cones,0.9058677639875469,0.023556247996106255,1.9662598044227075,2.3882644720249058,0.24636576487735273,8.367480391154583
a1_3_goldilocks,0.0,0.06780498615869321,0.03999306227407319,0.0,0.34226613387730387,0.2852312667562015
a1_3_interest,0.6119162594896606,0.3387190796262328,2.83271477787652,1.7116513519884209,1.333550851736545,9.301961748594785
a1_3_radius,0.3065382700650797,0.01423698353426249,0.21772250951426084,0.9435272334547462,0.221526032931475,0.7074121238286211
a1_3_satellite,0.0,0.08539452983819809,0.06547695282326367,0.0,0.3746654857781493,0.3377960943534727
a1_3_speed,0.0,0.051490902038905564,0.021264465165897806,0.0,0.3098622326194366,0.2404899375927327
a1_3_spheres,0.4427535159437263,0.014784705482774121,0.4736164144656685,1.2757832906931927,0.22306216798182016,4.0850252355847925
a1_3_vspeed,0.0,0.09448322292022607,0.034294090660403745,0.0,0.3905790087050024,0.2723209095882834
a1_4_arrow,0.0,0.06905535998192079,0.061610919763085095,0.0,0.3446479007258136,0.330266532566853
a1_4_cards,0.0,0.08021088188357847,0.027797508861379286,0.0,0.3653514321091317,0.25690498227724146
a1_4_dayofweek,0.0,0.0,1.0,0.0,0.0,1.0
a1_4_dog,0.002419670690913485,1.3644982426784256,3.5144121751544892,0.18503407633969204,2.959315202954837,9.875021803537177
a1_4_goldilocks,0.020251302683142833,0.08164853019891306,0.05092195938255524,0.23784791009763187,0.3679529396021739,0.30868239702436323
a1_4_pt,0.02963318188989289,1.78867824949418,3.0568109402632198,0.26134432324311496,3.3615747987215636,8.678685811781254
a1_4_run,0.007876103078315946,0.9854252761318167,1.8765684048338598,0.20279084020098398,2.245365663952583,6.483349676818767
a1_4_satellite,0.08617096367950847,0.07625786312417182,0.1,0.37604516941517663,0.35812257162399674,0.4
a1_4_sickness,0.006172788360802567,1.028682708963826,1.6266111806602692,0.19744463306860466,2.367095013727024,6.250427273715958
a1_4_speed,0.0,0.0325436909792725,0.0,0.0,0.26824595137478835,0.1732005486376566
a1_4_spheres,1.0,2.0,1.0,1.0,2.0,1.0
a1_4_vspeed,0.0,0.0,0.0,0.0,0.0,0.0
a1_5_fueldepot,0.6187164148118316,0.20757280336329523,1.2378917276849974,1.4730934861658105,0.7034984610700197,2.801002258915719
a1_5_paint,0.6021807066253013,0.17727062486836578,1.1406065006460646,1.270638586749397,0.6536554715747438,2.7272615749790576
a1_5_printer,0.7024309287604532,0.2034128841486791,1.5467086637092002,1.6185756424790936,0.6777896163180264,4.3484431376978785
a1_5_runway,0.6118430139592794,0.14812177145633854,1.1457920468716647,1.3263139720814412,0.4760336848100952,3.6184159062566703
a1_5_scuba,0.8264894810567609,0.3334764650699804,1.8745984728266116,1.9586715233233711,1.0061239929369623,4.927273642582071
a1_5_sound,0.0,0.0,0.0,0.0,0.0,0.0
a1_5_woodshop,1.0,0.0,0.0,1.0,0.0,0.0
a1_6_broadband,0.22714880466652135,2.086526985611032,3.7619133643738265,0.6707023906669574,3.7514743306647285,7.097532494553317
a1_6_digitalstorage,0.25691975228516584,1.0194728336049315,2.359512071951562,0.8469852376977095,2.0126007245427147,5.030975856096876
a1_6_evacuation,0.3906648114696881,1.318302577036491,2.879603834318593,0.9446977743208975,2.7147461972783695,5.713765304335787
a1_6_fueldepot,0.7053065608863017,0.3061420982805064,1.3096786510093938,1.6206368782273968,0.9666631718600397,3.9740492913878063
a1_6_missilethreat,0.1506231774379753,1.4335255889041036,2.230819001474204,0.5558965022669065,2.7540014537707402,4.505394964084559
a1_6_paint,0.0,0.0,0.0,0.0,0.0,0.0
a1_6_payload,0.10370318551534746,1.441328177195094,2.5088769183766786,0.4062299926056687,2.776434554700721,5.58451889051937
a1_6_pilot_quals,0.03981982106098815,1.2249024788044238,1.9175065867047993,0.2848463391864349,2.421754675418675,4.400835883194175
a1_6_printer,0.9217453063739557,0.21684035319530337,2.3027915450794243,2.069552865512958,0.8163192936093933,7.166156040275933
a1_6_runway,0.7396215977697247,0.27343020965260145,1.6849575170476345,1.5997041728816033,0.7952448438526918,5.510084965904731
a1_6_scuba,1.52848696249288,0.3927471114400385,3.672383545348864,3.0778575356883975,1.0982267073524812,8.586267392060893
a1_6_woodshop,1.4276683694381673,0.37514175701951596,3.3365617736015913,3.1134132611236653,1.270124649226274,8.895297505428395
a1_7_broadband,0.4389873227923255,2.2561109901461522,4.13204259000017,1.3794510969896066,4.3347167952179,8.56749376736808
a1_7_digitalstorage,0.3894693039701555,1.4358799224715293,3.0900648707211005,1.1520958748183097,2.7834125688500446,6.095732327523317
a1_7_dog,0.0,0.5488155364689087,0.0,0.0,0.9023689270621824,0.0
a1_7_evacuation,0.6331003071473287,2.0572502619016113,3.7225195413892775,1.7337993857053426,3.851016717576088,7.93427126204903
a1_7_missilethreat,0.5101642740641708,1.9051139554235879,3.99274431217325,1.5820810904258755,3.8022720891528246,8.533498717425653
a1_7_payload,0.18655231081063484,2.4100487551520264,5.03136005556941,0.8849598945077626,4.766859011435078,9.288928240509533
a1_7_pilot_quals,0.0,0.0,0.0,0.0,0.0,0.0
a1_7_pt,0.0,2.0,13.0,0.0,2.0,13.0
a1_7_sickness,0.0,0.0,0.0,0.0,0.0,0.0
a2_1_calculate,0.8059495902607804,0.0,1.1995644863823063,2.078100819478439,0.0,7.126644223111676
a2_1_calculate_volume,0.39795584884831536,0.0,0.24678638084575877,1.0605239458677256,0.0,1.3183084264272944
a2_1_equation,0.36646478487558254,0.0,0.24797967284384193,1.1853396610180655,0.0,1.9360794892637725
a2_1_future_value,0.4786957337195731,0.0,0.40986679667642756,1.2926085325608538,0.0,2.756621086450101
a2_1_right_triangle,0.34578287127586865,0.0,0.2566343655264131,1.0153308091724007,0.0,1.050833833049738
a2_1_surface,0.5133245076594377,0.0,0.4303594740808102,1.4648764084099382,0.0,2.4821381946955228
a2_2_bmi,1.178296638388089,0.20539241302015146,4.390904228025844,3.023841505832517,0.870465173959697,13.443997995561213
a2_2_hp,0.42426726549948834,0.0,0.3816536308348033,1.426346985588701,0.0,3.7438697718232166
a2_2_hp ,4.0,0.0,4.0,4.0,0.0,4.0
a2_2_orbit,0.14360256804675053,0.0,0.016035513282875738,0.7464083092846502,0.0,0.31003423659214324
a2_2_speed,0.18505834198268584,0.028918297070113064,0.18803699485153147,0.7351464739293652,0.2596237233200913,2.655672042042969
a2_2_stride,0.35463654241623316,0.03367485991696796,0.3208019604424371,1.2257269151675336,0.27088557428371113,1.6311233518423984
a2_2_unladen,0.38191834185794854,0.0,0.18168490803753057,1.240902652776994,0.0,1.7380794592872577
a2_3_19,1.8364011536172953,0.0,3.104652556111057,4.262681563733151,0.0,9.977508074591075
a2_3_9,1.0,0.0,0.0,1.0,0.0,0.0
a2_3_countdown,1.6208070209607472,0.0,2.486559591198298,3.588173192121059,0.0,8.367306349518298
a2_3_eighteen,1.687662778081136,0.2887264666861653,3.1145258141189167,3.937174443837728,0.6578411842747282,9.939369424393746
a2_3_fourty_two,2.0499789114828557,0.0,3.936172035055248,4.802216090077767,0.0,11.017765819999394
a2_3_fourty_two ,6.0,0.0,4.0,6.0,0.0,4.0
a2_3_nine,1.0906950581986599,0.293415004518758,1.6305800148946905,2.6936098836026803,0.663169990962484,5.270089970210619
a2_3_nineteen,0.8694590200396644,0.24519249636258766,1.1801232897719256,2.1374864543026937,0.6063892008232118,4.920652296860643
a2_3_seventeen,2.1507855333287402,0.07915437079259405,5.142296101620634,4.287714647628234,0.3634303888495945,14.422304348482873
a2_3_thirteen,1.6211248977278085,0.1631313405956599,3.0105602690676947,3.2461222975676387,0.49791314298450445,9.292832950236704
a2_3_twenty_one,1.4387366982569358,0.07532299510105583,2.526619905962012,3.225974879348197,0.3563962633190151,8.847750287085876
a2_4_amp,0.0,1.0,0.0,0.0,1.0,0.0
a2_4_caret,0.75,0.0,12.375,1.5,0.0,24.75
a2_4_colon,0.5554610685394021,0.6929156890892048,5.45709938421441,1.8724111962545291,1.9768059844589532,13.298915985669542
a2_4_comma,1.6153559989447477,0.0,3.0631126187722897,3.197859430681933,0.0,8.708939597620256
a2_4_dash,2.476364908377267,0.0,5.328219551276447,4.459770183245467,0.0,13.460444014330223
a2_4_dollar,0.0,0.0,0.0,0.0,0.0,0.0
a2_4_hash,0.0,1.5465171155224258,2.530654730826212,0.0,3.106965768955149,7.815095032729599
a2_4_hyphen,0.0,1.7749319470765828,2.805969681793544,0.0,3.591440453672922,8.228969727322003
a2_4_pipe,0.0,1.815689609193829,3.3383156463351145,0.0,3.378521771711352,9.46336870732977
a2_4_ques,0.0,0.0,0.0,0.0,0.0,0.0
a2_4_score,0.0,1.0,0.0,0.0,1.0,0.0
a2_4_semic,0.4149708150568578,0.5400055175610886,3.078589579592689,1.4590757109267467,1.7069712133985329,9.162347468033557
a2_4_slash,0.4458323648681837,0.39699609177560974,2.956264912837908,1.5015936972299246,1.4093976469572551,8.735514867061614
a2_4_star,0.0,0.0,0.0,0.0,0.0,0.0
a2_4_validate,0.0,0.0,0.0,0.0,0.0,0.0
a2_5_combat,1.1274079912714319,0.8747628751293798,4.211283504859661,2.765592180722442,2.2092371363391785,9.545518096663658
a2_5_comma,1.0,0.0,1.0,1.0,0.0,1.0
a2_5_gameday,1.0047167868618692,0.7782474155630115,3.4894553711315366,2.047384608094444,2.1358128611816696,7.168816530464198
a2_5_grades,1.1383324593168362,0.3501130849227707,2.6544535937778075,2.3596987177299638,1.0935882631441491,6.909842812444385
a2_5_network_traffic,0.7751301602761052,0.27716092721742436,1.5545740154523318,1.628311108019218,1.050329308355849,4.640851969095337
a2_5_traffic_lights,1.0574243919443111,0.6086344130862694,3.266782737928763,2.0332993642595256,1.568445459541747,7.368873548532717
a2_5_virus,1.2004770144334285,1.073678391818925,5.049398514133795,2.5249718970590687,2.443004662145283,11.523154191244604
a2_6_attack,3.482806773268533,0.029494420648065164,5.530784301099706,5.9262783453548264,0.2610111587038697,10.098431397800589
a2_6_combat,1.4716208314810422,1.1429670439582424,5.0544564035955215,3.1973833370379157,2.790988989006592,12.319658621380386
a2_6_fastest,2.6436282095132833,0.08477783979813025,4.703614116448392,4.641315009544861,0.485616734196843,9.581007061220863
a2_6_gameday,1.1022566399996165,1.0704885602069067,4.87486738643835,2.7814022129585134,2.7604313302904115,11.07883665569473
a2_6_grades,1.1368207582209895,0.29115882463150056,2.3754550486739383,2.326358483558021,1.0233161535539002,5.981484268849307
a2_6_highest_hp,3.2478114522529364,0.13580706100960724,4.919545056877723,5.640740731857765,0.5710825071942687,9.542932358154665
a2_6_lowest_defense,3.123805081749648,0.01135309802971382,4.509309350409179,5.038104122214991,0.21324886012034763,8.381381299181642
a2_6_lowest_spec_attack,2.6795391765269914,0.030950078314194246,4.439290019443895,4.560921646946017,0.36667127194304006,9.04141996111221
a2_6_lowest_spec_def,3.234811596441623,0.0015629978715496068,4.13013690212195,5.783388855309527,0.18205918944208596,8.2772261957561
a2_6_network_traffic,0.7962707902915047,0.767367683916263,4.044988543599292,1.731782743741315,2.145264632167474,9.869482372260876
a2_6_traffic_lights,1.0858693746401893,0.6201499333937074,2.4526590186316115,2.0938862507196214,1.8492523720185556,5.547806962736777
a2_6_virus,1.2943237059676234,0.9796461312333483,3.591752807540895,2.5731172939471065,2.2496629614139003,8.998312566736391
a2_7_attack,3.0339833034011643,0.0,4.0848631438308285,5.537296551092408,0.0,8.882905291285711
a2_7_fastest,2.7983837634760342,0.04707083829825573,3.839342053402068,4.92378041825341,0.30059516550875165,7.888883460763433
a2_7_highest_hp,3.062941877725336,0.049668171346800544,3.743863180139913,5.590332460765544,0.30606906271180434,7.471177749309216
a2_7_lowest_defense,3.983093627890989,0.006554291008596336,5.53348930053458,6.539695097159197,0.19865612386516027,10.290164256073696
a2_7_lowest_spec_attack,3.9717777431609362,0.013627520908541635,5.32708508538624,6.47813126066608,0.2198037817123285,9.952972686370376
a2_7_lowest_spec_def,0.0,0.0,0.375,0.0,0.0,0.75
a3_1_afbs,2.137231566775088,0.014916299142652037,5.188180898859513,4.725536866449824,0.3519855835328777,14.984749313392086
a3_1_cargo,2.199263330613917,0.0014992401887656687,8.951590270878757,4.143846220128099,0.29952252802583,21.047639130373632
a3_1_commands,2.1688358132504524,0.03054784366599282,6.662005574925033,3.924623455466308,0.36747574123944293,17.40179530176284
a3_1_countries,2.022424592471505,0.0022939749403962095,5.879116348858477,3.891514451420626,0.18460123930839675,16.550858211373953
a3_1_light_aircraft,1.0999999999999999,0.0,1.087129070824723,2.0,0.0,3.825741858350554
a3_1_medals,2.3367924610289252,0.0014317287044112448,8.684600332611042,4.509621184812379,0.2698638153184503,20.108072062050642
a3_2_bands,0.0,0.0,0.0,0.0,0.0,0.0
a3_2_cars,0.5516255750293393,0.0,0.35596645379036085,1.3328390755052308,0.0,2.3562489106010966
a3_2_cities,0.5234084080705826,0.0,0.35364797259709413,1.5418928612781895,0.0,2.2431172779463076
a3_2_departments,0.4918678247782121,0.0,0.639065605182745,1.5380034808783583,0.0,4.277424345190066
a3_2_dogs,0.0,0.0,0.0,0.0,0.0,0.0
a3_2_excuses,0.0,0.0,0.0,0.0,0.0,0.0
a3_2_grammys,0.38922977198333003,0.0,0.27380988290594876,1.195224666559656,0.0,2.586308805616674
a3_2_jets,0.6124056788365377,0.0,0.5255452767446261,1.7751886423269245,0.0,3.297533299721757
a3_3_aircraft,0.6621221012958615,0.01096570779720199,0.9357615710995622,1.6303012519537317,0.2121111375970854,4.014840494164512
a3_3_animals,0.3987923694209403,0.023380944752460747,0.6483434369767334,1.1137055837387646,0.2459210373243468,2.711509847358009
a3_3_dogs,0.08539452983819809,0.07915437079259405,0.06722976078086518,0.3746654857781493,0.3634303888495945,0.5798261927239838
a3_3_games,0.7209735508731397,0.019527959611746734,1.2072968049526027,1.7406615939058947,0.23594408077650653,5.364167452041697
a3_3_pizza,0.5314167785244808,0.0,0.5562734156176268,1.461918918198563,0.0,1.8574531687647466
a3_3_ships,0.34323618788183924,0.0,0.25438151054373603,1.0240539400257953,0.0,1.0588045464800955
a3_4_ages,0.0,0.09371565425861073,0.07131058622221215,0.0,0.47358564063532094,1.0777178106064231
a3_4_heights,0.0,0.1878649265028704,0.07775754967484054,0.0,0.6322701469942593,0.36087834327326973
a3_4_ptscores,0.0,0.12988893783652442,0.0787191682440094,0.0,0.5082221243269511,0.5865616635119812
a3_4_run,0.0,0.17792028980127456,0.045481781721811054,0.0,0.6698004460384765,1.4616680155037465
a3_4_testscores,0.1,0.0,0.27382932749817657,0.4,0.0,1.012341345003647
a3_4_weights,0.0,0.06073214464321437,0.03139977426665323,0.0,0.32853571071357124,0.2972004514666935
a3_5_battleship,1.096743579417834,0.3345642002239978,2.460334816592163,2.306512841164332,1.0034379712334203,7.250758938244245
a3_5_carnival,1.136030325031176,0.5601633751260556,2.8829118426342193,2.214177882047739,1.23102460109924,8.825085405640651
a3_5_chess,0.8557533661397538,0.6198802905222307,2.868738201307877,1.8048867103434434,1.4627187577985137,7.660828682130009
a3_5_connect,0.2732107221397506,0.5299954212799785,3.151056408931439,0.786911889053832,1.440009157440043,8.36455384880379
a3_5_map,0.8626405511686377,0.5408036035730671,2.0146191674424374,2.0370139796299376,1.262930607979916,6.341451320287538
a3_5_star_map,1.500198018972777,0.2369177775184115,2.470424317037073,2.9206565936333932,0.7465034280140246,7.059151365925854
a3_6_flighttest,0.0,1.8732576890153683,2.883661133879273,0.0,3.5391989076835486,7.936067562749928
a3_6_missiletest,0.0,2.171984428427673,2.857636568084459,0.0,4.031031143144654,7.042621600673188
a3_6_pushups,0.0,2.1286563686617455,3.64591395816794,0.0,3.831972976962224,8.588906028618249
a3_6_sami,0.0,2.1527788355769024,3.1014978732655605,0.0,3.7713654057692727,7.762521494848189
a3_6_situps,0.0,0.875962965079607,1.7753049234040401,0.0,1.848074069840786,4.849390153191919
a3_6_tests,0.0,2.3682685698169843,3.406158411112649,0.0,4.154371951275123,8.380343728233417
a3_7_max,3.0961198173062083,0.2849390852079748,5.3800577698033045,5.520803843648453,1.0617007769524716,10.531919858623478
a3_7_max_lego,2.2696454092456646,0.3500714583725654,4.1151129849469985,4.006163726963217,1.0474298987888497,8.225219574660459
a3_7_maxpower,2.729527904789521,0.12811818613922407,5.413580680897729,4.495489644966413,0.5694517011160474,10.416081881447784
a3_7_min_lego,2.3697649155416345,0.16103206462090072,4.338030349899146,4.260470168916731,0.7433564315058621,9.015528085248437
a3_7_minpower,2.599717698549255,0.3664201547210866,5.544439981800727,4.35102331849782,1.1387193235853499,10.424633549912059
a4_1_area,0.32681264596585113,0.01829007432817964,0.21516878948390072,1.1797080414016312,0.23265062057440994,4.348972765859785
a4_1_buoyancy,0.4087765383823272,0.0,0.16218461756206515,1.2461411907512692,0.0,2.4448615341066393
a4_1_lift,0.8185046141906402,0.0,1.3276516688702555,1.9144613598540134,0.0,7.78830568481588
a4_2_dog,0.031494833897319316,0.2651129464422177,0.4374529866850496,0.26577745549303256,0.9391618622176054,2.6593406019723664
a4_2_pt,0.04865994130008032,1.020667412826075,1.3017765102533883,0.3039540027501578,2.2877790983984827,6.279563862610107
a4_2_sickness,0.06846587450385433,0.334175677982758,0.7950099841918108,0.45002477273142183,1.1614358780770373,4.343803561028143
a4_3_aircraft,0.0,1.1868003147513515,1.6798530399161786,0.0,2.2859738385824033,6.111722491596214
a4_3_new_cars,0.0,1.3797173752220528,1.8404828825498876,0.0,2.702103711094356,6.2930602089261996
a4_3_parks,0.0,1.2768429049325922,1.5809460809687472,0.0,2.8221531163093125,6.5464411713958395
a4_4_names,0.08317168175787507,1.836033115443434,2.5363115176382185,0.3706936735212869,3.69879469626545,8.296504481502087
a4_4_squadrons,0.04865994130008032,1.2393936886731758,1.8992126644782692,0.3039540027501578,2.6922652542325958,6.5415746710434615
a4_4_year,0.045559266981453,1.4226750731299413,2.8039926512578033,0.2973706746701875,2.9403641394544033,7.81647512913907
a4_5_areacode,1.625720686718148,0.0,3.0200459429451287,3.2017960366356464,0.0,8.279057050279954
a4_5_password,1.3857385461032181,0.0,2.0547829264672712,2.766984446255103,0.0,6.8904341470654575
a4_5_password ,0.0,0.0,0.0,0.0,0.0,0.0
a4_5_translate,1.4479311926967025,0.0,2.6785520756224344,2.768316719084207,0.0,8.322000326367071
a4_6_aft,2.4229275917790387,0.0,4.150321744840257,4.247894816441923,0.1658848844477575,9.300919010319486
a4_6_flighthours,2.5344850056225643,0.11001816454696711,3.603897244175095,4.312385920958262,0.5362661919144691,8.498087864590987
a4_6_scores,2.610410768328258,0.0,3.9346126533351056,4.668067352232373,0.0,9.071951163918026
a4_7_fit_e,2.158485798624551,0.0,1.9016053968191098,3.619536339258834,0.0,4.202136799944668
a4_7_fit_u,1.9304174956136766,0.0,1.4942097980651616,2.960394059051977,0.0,3.281243325217992
caesar,0.5099527476985601,9.50578159701884,40.50993779933736,1.855670541469239,15.97915606350292,56.216032543287696
caesar_GC,1.141746824526945,0.0,16.651530771650464,1.4665063509461096,0.0,38.69693845669907
caesar_gc,0.5861970138766683,7.396690080262432,40.70254074726838,1.6915677860891454,12.840422656376543,56.84599146683663
lsn10_callme,0.7211254607651577,0.8825591220275928,9.346248216347657,1.7919498219641081,2.167842649799563,25.914226256380317
lsn10_imagesize,0.6648233922992536,1.3433989417774188,11.992165204907714,2.41475620047612,2.8589965089685268,30.097163647909525
lsn10_skill1,0.7830913048945787,0.0,0.9712048332048538,1.8209141644043911,0.0,3.369963558742422
lsn10_skill2,0.22125807085535945,0.11526402488322998,0.3525864038076457,0.711330012135435,0.5062106535734221,1.4560516821806269
lsn10_skill3,0.06568320273575515,0.05680743220449684,0.1877138863486657,0.42733804796978525,0.42516064579508794,1.4956740984045398
lsn10_triangle,0.10325265645384232,0.3333314626812941,4.838684326169354,0.7015406641038096,1.078177599965742,20.415734795937155
lsn11_asteroids,1.6674325018082727,1.1538103083399205,14.84411626581539,3.373134996383455,2.611407723401131,34.02085837746014
lsn11_callme,0.6934354198741945,0.8831047149727067,8.744264747221813,1.7617778089002594,2.0967119183691936,25.45361926588695
lsn11_circle,1.1242800109246187,0.0,5.0349862517992365,3.0353459456010343,0.0,19.83596809046093
lsn11_distance,0.8513609912630791,0.0,3.9955606803530195,2.1009477422444838,0.0,17.89813483764107
lsn11_imagesize,0.25217505966127046,1.3987947620316104,9.256312615811183,1.1282080202123428,3.070466031492335,26.23896712506553
lsn11_in_circle,2.0998625117538006,0.06710759596414106,13.87867329794847,4.331873489503552,0.5348890128249172,32.78034184631411
lsn11_skill1,0.8530578348661726,0.12674401649181236,5.065168498575724,2.072140519718678,0.5445575696222384,19.320450404423358
lsn11_skill2,0.474078105953236,0.038821427064310854,0.5639955043707497,1.5491234398889577,0.28261915460500275,2.4249891237088317
lsn11_skill3,0.05787443475172169,0.07553314745554188,0.20107453886192356,0.42048301455452763,0.47633755124276245,1.1822030005157615
lsn11_triangle,0.012750461866402538,0.1955533826270945,3.4418337970649207,0.2891843909525096,0.7991484551634445,18.11421376180236
lsn12_asteroids,1.2622615213086137,1.1166420040421432,9.693086074047361,2.717744998619886,2.4875281746568305,26.59513626312023
lsn12_circle,1.0397930544634666,0.0,5.692412506533117,2.6225415506475347,0.0,21.422867294626073
lsn12_distance,0.7912107338917527,0.0,0.8306954498601096,2.023083119372458,0.0,5.206844394397429
lsn12_fastestcar,2.8281340573900993,0.37781711457976785,18.22902698038515,5.859860917477866,1.0031783867959374,38.09402937256303
lsn12_in_circle,1.6531551959915394,0.0031415892719723476,11.437825712389966,3.7222610365883506,0.1874967257622754,29.695469264875236
lsn12_listrange,3.417194579896868,0.0,11.933088266034181,6.174956634598786,0.0,29.523653976406216
lsn12_pftscores,2.5204772242853504,0.8884245266738181,15.616081890666617,5.086823329207077,1.9798116926559164,33.55378939592429
lsn12_skill1,0.4832121707885699,0.07525778971479223,0.6679651996658269,1.2908103851109631,0.4236169126839802,3.1737055749724146
lsn12_skill2,0.7960989123435926,0.08512813865095314,1.0205312133290418,2.1219360754190846,0.47373947190106924,4.801779338680991
lsn13_averagerun,2.5836145897378877,0.0,13.47796405795398,5.365144921243648,0.0,31.936595248578023
lsn13_cargocapacity,2.3073561640375466,1.1007523308434366,18.056622395954207,4.797867629280983,2.327097033228381,37.19616354950769
lsn13_count,1.7571310992686553,0.0,6.810647576199636,3.6441228946303914,0.0,22.554682501232012
lsn13_countby10s,1.6438808764315165,1.7659974397668825,11.320225993715196,3.441404913803633,3.1277273426884573,27.896082459333698
lsn13_dvc,4.334160193876084,0.0,15.949631223481774,8.340729386003488,0.0,34.727786733364326
lsn13_skill1,0.047634421898508,0.0,0.0,0.30178997973239574,0.0,0.16820653203808048
lsn13_skill2,1.4197910135762875,0.0,1.2056325299877892,3.0014775754964313,0.0,3.2510300219916344
lsn13_squadrons,2.0951712810925702,0.32391941282335146,10.474841795437182,4.306367964130649,0.9600043116081991,27.165701024510255
lsn13_waittimes,1.151484504896886,0.30114726661037894,5.960220827871842,2.325602418777657,0.8139491216015772,20.552626259947182
lsn14_class2017,1.3786663915731363,0.0,7.834973426432752,3.2898370281744818,0.0,24.484338861420213
lsn14_coordinates,1.2511309253008132,1.2734216414223924,12.707397082172601,2.70208597548533,2.650525138207847,30.23874914274141
lsn14_counting,0.6485514863411047,0.0,0.6016675108184203,1.7670681503124432,0.0,2.2789538067010344
lsn14_football,1.1049810300671292,0.9251765975864901,10.346691295469952,2.6193062325486687,2.180013296973617,27.72360582604851
lsn14_printchars,2.5185829942539235,1.3339268571193568,16.271772893300387,5.497260241000349,2.9615770054175705,34.69365893780867
lsn14_skill1,0.22301198426997645,0.0,0.16487655594239467,0.7058198492474658,0.0,0.8379888235990816
lsn14_skill2,1.568560549972926,0.0,0.9810151060397629,2.9540841117805323,0.0,2.4971645648519214
lsn14_timestable,0.9485648869547966,0.0,0.7114966524596373,2.1817345794027094,0.0,2.6497915052073076
lsn15_echo,4.405506041254403,0.0,21.852845526560195,8.484206212709488,0.0,41.39468418140119
lsn15_runways,5.458819982815903,0.0,22.04799329910223,9.796645748653908,0.0,41.37908671557854
lsn15_skill1,1.4552592177031087,0.0,1.8139350147817197,3.1194150457467753,0.0,6.47827522183321
lsn15_skill2,0.39874947820697076,0.011959917961157737,0.7193272761919788,1.2159238623780049,0.21501821717502967,2.5307332027180833
lsn15_survivors_by_gender,6.551075692105384,0.0,23.67521313733425,11.218459302812132,0.0,42.359632896929135
lsn15_titanicfares,6.0607884285334555,0.0,19.758646533115265,10.300340951152268,0.15462038425739083,37.941966193028726
lsn15_titanicsurvivor,5.477638201397392,0.007043727223857335,18.196148745871035,9.058146415997165,0.2001982598379996,36.39861159916701
lsn16_practice1,0.8230111266081042,0.0,3.880669418229738,2.230277123083168,0.0,17.961094623616567
lsn16_practice2,3.543426215666929,0.0,15.261280629031226,6.600844729549423,0.0,33.83820429217678
lsn16_practice3,2.214373711657699,0.3337110651726385,12.65115100319524,4.472211043138276,1.0090484578900172,30.277109758315405
lsn16_practice4,3.9401271500330983,0.0,18.49947140311166,7.1264496105483275,0.0,37.70468622603475
lsn18_combinations,2.591155296906881,0.0,15.71072393904235,5.815176843372168,0.0,35.31997088621736
lsn18_grades,2.3008821707010334,0.0,8.099052050066,4.891906544673882,0.0,24.608913443727644
lsn18_names,3.7720001675419708,0.0,15.245756684454642,7.34358748693011,0.0,33.77231641832475
lsn18_namesreverse,4.187853642516522,0.0,11.91927873706943,7.846514937189179,0.0,29.557415680223556
lsn18_randomcircles,0.0,0.0,0.0,0.0,0.0,0.0
lsn18_simpledrawing,0.0,0.7172395624055963,9.185755903351984,0.0,1.4381323401569603,24.833121397929233
lsn18_skill1,0.05468429773692603,0.04320642700846691,0.08872010053732743,0.3164168866496583,0.29229186607088176,0.46541694178248794
lsn18_skill2,0.9756453387595575,0.10392055952090037,1.3248841505224842,2.2529848569226902,0.5047479545924035,4.123501388692502
lsn18_stamp,0.0,0.0,0.0,0.0,0.0,0.0
lsn18_swimstats,3.8382017063184906,0.1616799959148691,16.339232670748707,6.9549218885678386,0.6168313957300705,34.56990067157449
lsn18_triangle,0.0,0.0,0.0,0.0,0.0,0.0
lsn19_100m,5.127211522564858,0.6977900768375569,24.55248141093413,9.196973602914976,1.8711596926476082,43.57845426355887
lsn19_credit,1.8766962761982011,0.5893145754548137,9.62282451906523,3.6920619930581435,1.6850072127267364,25.841127821373675
lsn19_golf,3.758321248786017,0.6870540359251041,17.02067675740104,7.415901881126192,1.78710688142082,35.55286490061548
lsn19_movies,1.1792219451347585,0.09627214465194553,2.1238726692019987,2.6738141742466124,0.4776684766535557,7.9619320809508425
lsn19_population,1.1929362746075647,0.0,6.408386872766521,2.761092307014902,0.0,21.85407567531638
lsn19_skill1,0.4558812789988944,0.0,0.4522204828557863,1.1372682287753013,0.0,1.5315726243224024
lsn19_skill2,0.5786906952383943,0.2611483855348752,1.5324118724084954,1.447881767417948,0.8888764132877915,5.304866266664066
lsn1_helloworld,0.0,0.0,0.0,0.0,0.0,0.0
lsn20_averagetraffic,1.7233387363676864,0.0,5.795587567299349,3.347917121859221,0.0,20.699465259489973
lsn20_lowvolume,2.4391223127901265,1.165170577677047,16.182356972323234,4.926315635006066,2.5361819878105987,34.458583192569726
lsn20_popularnames,4.940841597594075,0.026959086836931434,21.2282825321684,9.53656325030948,0.25485375615069855,40.92540918459024
lsn20_sat,2.6574748382138837,0.05234854356446424,11.84307805813135,5.320747145088125,0.42321553423029484,29.303942893638293
lsn20_skill1,2.1415231955964735,0.0,2.2513454732636413,3.652437479774794,0.0,5.4614709031837005
lsn20_unpopularnames,2.903505483179809,0.07549057239030901,11.22604129945692,5.599965777826428,0.452467131081451,27.43273415501286
lsn21_bouncingball,0.0,0.0,0.0,0.0,0.0,0.0
lsn21_bouncingballs,0.0,0.0,0.0,0.0,0.0,0.0
lsn21_bouncingtriangle,0.0,0.0,0.0,0.0,0.0,0.0
lsn21_randomcircles,0.0,0.0,0.0,0.0,0.0,0.0
lsn21_simpledrawing,0.0,0.8343340372124564,4.569571995653725,0.0,1.751179253819362,12.443976213296132
lsn21_skill1,0.0,0.06398515369602335,0.04090644418229315,0.0,0.33490672277036626,0.40307083256564624
lsn21_stamp,0.0,0.0,0.0,0.0,0.0,0.0
lsn21_triangle,0.0,0.0,0.0,0.0,0.0,0.0
lsn22_bouncingball,0.0,0.0,0.0,0.0,0.0,0.0
lsn22_bouncingballs,0.0,0.0,0.0,0.0,0.0,0.0
lsn22_bouncingtriangle,0.0,0.0,0.0,0.0,0.0,0.0
lsn22_paint,0.0,0.0,0.0,0.0,0.0,0.0
lsn22_skill1,0.0,0.017513120404075752,0.0,0.0,0.23055979410456667,0.13911391541050064
lsn22_soundboard,0.0,0.0,0.0,0.0,0.0,0.0
lsn23_crashes,5.134214662336993,0.0,19.68003562606546,9.632733466023687,0.0,39.19116549698569
lsn23_paint,0.0,0.0,0.0,0.0,0.0,0.0
lsn23_skill1,0.19691774398917528,0.0,0.35470143515434677,0.7768962193387227,0.0,1.5133403887768868
lsn23_skill2,1.2711857177496728,0.5811441624189686,3.222296254245714,2.7216618285339185,1.4143245783878693,9.247715183816265
lsn23_soundboard,0.0,0.0,0.0,0.0,0.0,0.0
lsn23_tokens,2.4168956806018236,0.505349711920094,15.587907412626096,4.764974070895119,1.319218608946697,34.46530667007491
lsn24_airspeed,2.790752892609096,0.0,10.164916371390843,5.193142102105752,0.0,26.908973227367568
lsn24_education,6.287349358172104,0.0,19.71048735886757,10.673856196950588,0.0,38.43087713411671
lsn24_mitches,2.916751735353222,0.0,11.253771880885756,5.398754593809685,0.0,28.49245623822849
lsn24_nasa,6.750557457929967,0.0,22.530589623825573,12.0420160745554,0.0,41.38149128935901
lsn25_contactlist,1.4822348697558596,0.40978186632519376,9.761295280350076,2.80476102971905,1.0842824211957662,26.4601680599895
lsn25_crashanalysis,1.747624315238594,0.0,2.396175618768072,3.361894226665669,0.0,5.951834808975485
lsn25_crashes,2.0757518526784065,0.0,7.804881946471689,4.239241795928535,0.0,23.556517862252925
lsn25_midpoint,0.6153520902355933,0.0,0.649121749369545,1.5217958195288133,0.0,2.5578171073215157
lsn25_rectangle,1.6318833175606406,0.26361420880296405,3.6401522020146655,3.1112333648787187,0.7584858681083575,11.106792370164218
lsn25_skill1,0.5748233407399646,0.0,0.9315801255474304,1.4466593871216542,0.0,3.6868397489051397
lsn25_skill2,0.9291804005767272,0.47896555397755614,2.3945108885653457,2.181321738529085,1.2043029345980791,7.202956832494978
lsn25_tokens,1.3788225031929646,0.6106591861603842,11.078879426587214,3.083203799980118,1.4417832319573065,28.813255639579204
lsn26_calculus,0.5247262394416503,3.3137952948948293,13.698977127857844,1.377897948467127,7.001719755037927,30.543998250880616
lsn26_percentile,0.9321123491138937,2.010383293165151,10.824546212905917,2.2584168112061747,4.383018902628688,26.46233614561674
lsn26_plots,0.0,0.0,0.0,0.0,0.0,0.0
lsn33_practice1,1.4148346339483857,1.4441158162807555,14.731075215873497,2.8638291841156125,2.724076059746181,32.57446928656286
lsn33_practice2,3.5701538965751065,0.47981203074599715,18.238238537752355,6.505214594909488,1.2562850294170966,37.523522924495296
lsn33_practice3,0.4656629853874317,0.8753711618097203,9.377997218883948,1.3186740292251367,1.7454115225344058,26.49752668899267
lsn33_practice4,1.3749646282138255,0.0,8.24900498505069,3.2616537551553613,0.0,25.50199002989862
lsn33_practice5,0.46243231341860563,0.0,0.11683112928277023,0.9543806561816566,0.0,0.4277550642691052
lsn33_practice6,0.12428694876875238,1.7344738358383367,7.825573189785817,0.5421237768811,3.1696065451907964,24.167035438610185
lsn33_practice7,1.4666358458246551,0.0,7.387416940177423,2.119359887298058,0.0,24.697768859371184
lsn33_practice8,2.561031559915864,1.2844252089791486,14.70310865287344,4.661025115462389,3.020038470930592,32.413782694253115
lsn3_Parking,2.0,0.0,2.0,2.0,0.0,2.0
lsn3_ascii,2.3915959898480716,0.0,4.888033064089366,4.873058020303857,0.0,19.054919787314226
lsn3_parking,1.5449624880228074,0.15778678605717694,6.72886193910071,3.175268394120131,0.588920809908118,22.231580026722177
lsn3_printpractice,0.03023422096857213,2.95768917868444,10.006778122301094,0.2627829758322319,5.226656191575457,25.112317881271935
lsn4_arrivaltime,1.5762510851425309,0.0,8.244003273277492,3.1814394355543545,0.0,24.949804398718648
lsn4_ascii,2.0033059115163248,0.0,1.4595235239226976,4.373822959576047,0.0,3.9580021324824743
lsn4_girlscouts,2.9392717511846773,0.22078517512920784,10.957809018955333,5.422427371417053,0.6995339442201121,27.889614520228875
lsn4_madlib,1.3492028937186669,0.0,1.714919422047535,2.5957118596214896,0.0,4.522399961875079
lsn4_parking,1.7536970786215762,0.16447469429742223,6.257619936769712,3.6490684277908607,0.6094067757887172,20.933824575525023
lsn4_pointspread,0.31827955173896205,0.0,0.5037276021305068,0.9817204664145491,0.15771560972089038,2.5248923003600585
lsn4_printpractice,0.0067578127490538625,2.724175851505319,5.550457093923843,0.19929901981081674,4.770826379181143,12.128057774769138
lsn4_scoreaverage,0.33809018304591143,0.0,0.2368255731130099,1.0857243958129392,0.0,1.075261897252241
lsn4_skill1,0.18678266772127758,0.0,0.10785785235786532,0.748481908651933,0.0,1.5402366762366504
lsn4_skill2,2.104745529044754,0.0,8.998628698645756,4.678524659002829,0.0,25.38083447550001
lsn5_arrivaltime,1.3383201106788019,0.0,2.171800934243097,2.892835860646952,0.0,8.630876089750465
lsn5_bit_representation,0.20869035864491536,0.0,0.12591869273489176,0.6735283736192602,0.0,0.7112622455265264
lsn5_bits_to_bytes,0.26275803101139217,0.0,0.15824533214849387,0.8629974514907293,0.0,0.7138123660060425
lsn5_bits_to_kmg,0.7910306813651942,0.028410771441613192,1.1528585373012863,1.8097296820457314,0.2583958484211214,3.326253185620476
lsn5_calories,0.7192522401494515,0.12052678604866009,1.752800628705096,1.8856713438769213,0.43366761749375793,5.685409978544865
lsn5_girlscouts,2.2007360792926787,0.18519669328822166,4.189311211520135,4.297412599778955,0.6189683155512162,11.929927762833335
lsn5_madlib,1.1306188867629152,0.0,1.3815307692628203,2.3381598168356152,0.0,4.1507846153205135
lsn5_math,2.298538461229434,2.0841391305673254,16.939487088189892,4.540034594908591,4.132268186952781,34.571520873125166
lsn5_pointspread,0.1568616571830513,0.03340747571598206,0.22928455235987796,0.5981096322696282,0.27026370025342916,0.8857705179217535
lsn5_projectile,3.9192037994590425,0.0,14.121442501348518,7.292979262395784,0.0,31.44132552361875
lsn5_scoreaverage,0.09588139074135388,0.0,0.047175234848865585,0.39298298122915665,0.0,0.365259558157422
lsn5_skill1,0.28916290763369557,0.011661891940429076,0.6042686107935948,1.0384966146391508,0.21415116601894144,3.6860348034650023
lsn5_skill2,0.8837045006302853,0.0,0.9702510495317855,2.040161976657411,0.0,3.19514458863359
lsn5_temperature,1.0377889219290186,0.0,0.8716611385879838,2.230304509083139,0.0,2.288677722824033
lsn6_atmosphere,0.038184220595265064,0.567090410192554,0.9462406124449677,0.2811896983443536,1.2318906081863203,2.787159493672939
lsn6_bit_representation,0.12161047456186569,0.0,0.020173809438152182,0.5345568286540463,0.0,0.2376446591159736
lsn6_bits_to_bytes,0.16078042418788413,0.0,0.034594848037724404,0.5861882291150067,0.0,0.27301562711846755
lsn6_bits_to_kmg,0.391759058153958,0.010305738170427792,0.4228076703124212,1.064481883692084,0.2101577544283752,1.3680943367945124
lsn6_calories,0.6013826877798385,0.27983618660445864,1.4623198695593407,1.5953784759484435,0.7616759413978244,3.9445191393859913
lsn6_classyear,0.040266682620550956,0.7118999805991446,1.3690537215900336,0.2858383161748273,1.5600129884419986,3.962979513341672
lsn6_largest,0.11412459233465211,1.4340596601332138,9.236507100099164,0.5204233817023772,3.201898633054937,25.369005343775612
lsn6_math,4.653772646286069,0.0,15.03049476046607,8.141995991831532,0.0,31.578762031862887
lsn6_positive,0.12468863919003592,0.2990785126894414,0.42883527694705137,0.5378567641731196,0.7822777572298127,1.2875200087193273
lsn6_projectile,3.0757334085169132,0.0,10.326355357728715,5.827890981131311,0.0,26.088416633185574
lsn6_skill1,0.1481254871514172,0.10351859651366593,0.34733278811520274,0.6844007568580618,0.48782685531103676,1.6449570652790286
lsn6_skill2,0.46410943783480646,0.04169334788788487,0.3969119844520666,1.087309074640946,0.2889856765966027,1.2103909942149393
lsn6_temperature,1.0518936311933775,0.0,0.8090057258309961,2.055575287414042,0.0,1.960301801350056
lsn7_atmosphere,0.039330130589402795,0.3906155073499885,0.7123079671368259,0.2837558462037448,1.0271313546380023,2.37325640615188
lsn7_classyear,0.04232027152923154,0.4965697564508642,0.8074478105441512,0.2903594569415369,1.2144076569095923,2.3059676882642157
lsn7_fuel,0.07740558811735557,0.15490742932892757,0.2618341022616699,0.3602330715528995,0.5616640145815814,0.9952507143955791
lsn7_largest,0.0956722588226615,1.168238827505124,2.9479877960895737,0.47610278914624604,2.8274567712192598,9.232902689443764
lsn7_lists,0.18636999492418488,3.0640907825274484,11.240711853390076,0.6470900384802422,5.38578491539203,26.582843645404942
lsn7_positive,0.14404108367720325,0.2549660523083297,0.42854058031173514,0.5750268813694914,0.7424263859493784,1.376961392568019
lsn7_roundtrip,0.6344950859857856,1.7418370322063672,13.528732786819134,1.6780997751183757,3.7239071630240885,31.403318740087222
lsn7_skill1,0.006325165643105951,0.23308055329128122,0.3038820853038198,0.1979295262926284,0.8062007024626636,1.3457962009093882
lsn7_skill2,0.1469579211273196,0.1864194123885033,0.38306386751970195,0.56877072490954,0.6230501783062411,1.5644507773572902
lsn7_speeding,0.0,0.20632184632381956,0.12606189877650245,0.0,0.6666246000352877,0.5338186944597747
lsn7_uod,0.012355801208079248,1.0616023676123918,7.22915131367329,0.2161643099926006,2.450565756578495,22.501896377628544
lsn8_fuel,0.05826850692361313,0.16978562546633677,0.23334666439257207,0.32364357306022296,0.6217923854309628,1.0125693440259158
lsn8_lists,0.234536272372614,3.392384641685324,12.982792432963794,0.7081426451281896,6.125487126885762,29.069709251719466
lsn8_practice1,0.26061071971224514,0.0,0.18063587137526613,0.7359728051798263,0.0,0.7282019414599941
lsn8_practice2,2.0618617000965918,0.0,8.726888277057713,4.111465109681143,0.0,24.05361260844615
lsn8_practice3,0.6375518735339675,0.7108089130103151,1.735560479043887,1.4731105386463508,1.5783821739793698,5.124073126939952
lsn8_practice4,1.439913200099158,0.7980164215533812,11.852453538464221,2.9596569946356324,2.0301014581636556,29.546349204478588
lsn8_roundtrip,0.33681340442251145,1.552472370678239,10.238415803854236,0.9749580968153545,3.4302665262491554,26.868507375342375
lsn8_skill1,0.022770677103269243,0.2226141305380041,0.4545775278536561,0.35817094277722017,0.8205060046582575,1.956410982028537
lsn8_skill2,0.021492267936533582,0.28130547478038925,0.45288037216946486,0.2410801292539536,0.9127988865047952,1.7829185009440893
lsn8_speeding,0.0,0.1084339403660368,0.11391995576877609,0.0,0.41408450022030735,0.5044435530293769
lsn8_uod,0.012572810418813987,0.8464974078357052,2.2868380470006056,0.21678986303333975,2.0500607398841453,7.412206258939966
lsn9_practice1,0.23536336229220914,0.0,0.11085519535237803,0.7251730476251489,0.0,0.6205169874854992
lsn9_practice2,1.9355475075822781,0.0,6.733921661347986,3.880067775533118,0.0,20.602220371571544
lsn9_practice3,0.5417859765795489,0.5632430045628238,1.4988690548801114,1.3419599617345193,1.258306617602463,4.924247705842614
lsn9_practice4,0.9549623897640835,0.6609719359791786,7.222080081285519,2.172042433586587,1.713433486532209,21.66646890467408
pa_2,0.0,0.0,0.0,0.0,0.0,0.0
pa_3,0.0,0.0,0.0,0.0,0.0,0.0
pa_4,0.0,1.0,19.0,0.0,1.0,19.0
pex1,1.9269093963854074,17.529828080532862,48.746635273432524,4.379365063731427,28.621242715338774,61.53703248343798
pex2,1.513139730785873,0.0,13.5646975061687,2.2403872050949207,0.0,33.605298865213626
pex2_gc,2.089961688251677,0.0,18.50742153932235,3.630887434307456,0.0,39.12922471796547
pex3,7.330865642546614,0.0,55.03720244326996,10.45062826546857,0.0,63.2575789191281
skywriter,1.0,0.0,0.0,1.0,0.0,0.0
to_the_end,2.0,5.0,60.0,2.0,5.0,60.0
